{
    "SDSS u": {
        "$c_0$": 6.4272355027,
        "$c_1$": 0.4238288899,
        "$c_2$": 3.0797905701
    },
    "Stromgren v": {
        "$c_0$": 5.7720267624,
        "$c_1$": 0.4366584724,
        "$c_2$": 2.7254726428
    },
    "Johnson B": {
        "$c_0$": 4.9128536962,
        "$c_1$": 0.4040564895,
        "$c_2$": 2.4406695458
    },
    "Bessell V": {
        "$c_0$": 4.0671914808,
        "$c_1$": 0.4241950999,
        "$c_2$": 2.0516548657
    },
    "CHEOPS": {
        "$c_0$": 2.4618093183,
        "$c_1$": 0.3811015542,
        "$c_2$": 1.8210665702
    },
    "GAIA": {
        "$c_0$": 2.4956898846,
        "$c_1$": 0.4082799774,
        "$c_2$": 1.7778951672
    },
    "Kepler": {
        "$c_0$": 2.7560051164,
        "$c_1$": 0.4023811509,
        "$c_2$": 1.8307074849
    },
    "TESS": {
        "$c_0$": 2.407761809,
        "$c_1$": 0.4212570794,
        "$c_2$": 1.566853008
    },
    "NIRSpec": {
        "$c_0$": 0.2820290529,
        "$c_1$": 0.3061717333,
        "$c_2$": 0.96516649
    }
}